#,Entity,QRank,Label
1,Q178995,219893853,"HTTP cookie"
2,Q635,113674399,"Cleopatra"
3,Q866,93345399,"YouTube"
4,Q110999040,84175989,"2022 Russian invasion of Ukraine"
5,Q212,73967199,"Ukraine"
6,Q30,66315544,"United States of America"
7,Q7747,64847322,"Vladimir Putin"
8,Q106582931,51022028,"Squid Game"
9,Q317521,48207647,"Elon Musk"
10,Q159,48042429,"Russia"
11,Q7184,47889362,"North Atlantic Treaty Organization"
12,Q4740163,46918042,"Carles Puigdemont"
13,Q107528356,42181746,"Deaths in 2022"
14,Q11571,41534300,"Cristiano Ronaldo"
15,Q68934496,41097856,"Spider-Man: No Way Home"
16,Q1845,41073134,"Bible"
17,Q9682,39281339,"Elizabeth II"
18,Q95,36085705,"Google"
19,Q362,35764514,"World War II"
20,Q3874799,34646277,"Volodymyr Zelenskyy"
21,Q37175,33802301,"Johnny Depp"
22,Q209330,32485305,"Instagram"
23,Q355,32312120,"Facebook"
24,Q229166,32085042,"Amber Heard"
25,Q361,29944604,"World War I"
26,Q15180,29227418,"Soviet Union"
27,Q5269211,28588243,"Wikipedia:Featured pictures"
28,Q52,28048124,"Wikipedia"
29,Q19798734,26964198,"Stranger Things"
30,Q284163,26838818,"2022 FIFA World Cup"
31,Q352,26836366,"Adolf Hitler"
32,Q60834962,26765810,"Dune"
33,Q668,26233645,"India"
34,Q183,26091164,"Germany"
35,Q145,26090085,"United Kingdom"
36,Q9334,26006601,"Gmail"
37,Q10693,25740909,"periodic table"
38,Q15860072,25568478,"Russo-Ukrainian War"
39,Q64211112,24638396,"Doctor Strange in the Multiverse of Madness"
40,Q142,24396784,"France"
41,Q1049511,24281872,"WhatsApp"
42,Q11255,24203999,"Microsoft Office"
43,Q189489,23878343,"Zendaya"
44,Q135622,23794885,"Google Translate"
45,Q23894629,23652949,"Eternals"
46,Q148,23468771,"People's Republic of China"
47,Q17,23408643,"Japan"
48,Q17982,23150477,"Skathi"
49,Q615,23125733,"Lionel Messi"
50,Q865,22867251,"Taiwan"
51,Q21534241,22846508,"No Time to Die"
52,Q104214723,22707999,"Deaths in 2021"
53,Q303,22635145,"Elvis Presley"
54,Q61117344,22162552,"The Batman"
55,Q55080956,21741903,"Anna Sorokin"
56,Q37079,21650267,"Tom Cruise"
57,Q15869,21602788,"Freddie Mercury"
58,Q907311,21599386,"Netflix"
59,Q16148930,21198975,"list of Marvel Cinematic Universe films"
60,Q31202708,20987355,"Top Gun: Maverick"
61,Q2831,20910356,"Michael Jackson"
62,Q18756,20791072,"UEFA Champions League"
63,Q10132,20406509,"Rafael Nadal"
64,Q2023710,20308261,"Tom Holland"
65,Q380,20292323,"Meta Platforms"
66,Q1141479,20141583,"Voice of Vietnam"
67,Q1860,20009656,"English"
68,Q43,19880937,"Turkey"
69,Q75,19725397,"Internet"
70,Q99,19218897,"California"
71,Q486,19128945,"Chernobyl disaster"
72,Q13580495,19122371,"BTS"
73,Q10806,19026723,"September 11 attacks"
74,Q642878,18839016,"Marvel Cinematic Universe"
75,Q16,18807536,"Canada"
76,Q56275505,18690896,"Euphoria"
77,Q29647346,18678230,"Money Heist"
78,Q458,18649338,"European Union"
79,Q1406,18544368,"Microsoft Windows"
80,Q85847363,18535695,"Stranger Things, season 4"
81,Q65768589,18372883,"Shang-Chi and the Legend of the Ten Rings"
82,Q936394,18088275,"Pornhub"
83,Q6279,17930570,"Joe Biden"
84,Q38,17727629,"Italy"
85,Q14944179,17604695,"Peaky Blinders"
86,Q46,17587585,"Europe"
87,Q408,17546099,"Australia"
88,Q595841,17206297,"member state of NATO"
89,Q94,17172536,"Android"
90,Q43416,17160240,"Keanu Reeves"
91,Q712280,17064631,"list of countries and dependencies by population"
92,Q29,16958399,"Spain"
93,Q855,16881633,"Joseph Stalin"
94,Q132345,16763490,"Shinzō Abe"
95,Q19877770,16722879,"Timothée Chalamet"
96,Q36,16704314,"Poland"
97,Q38111,16703808,"Leonardo DiCaprio"
98,Q4616,16428057,"Marilyn Monroe"
99,Q3884,16366405,"Amazon"
100,Q65768604,16347585,"Thor: Love and Thunder"
101,Q937,16342576,"Albert Einstein"
102,Q146,16330326,"house cat"
103,Q22686,16189877,"Donald Trump"
104,Q918,16103902,"Twitter"
105,Q232,16090022,"Kazakhstan"
106,Q234610,15982567,"Anne Heche"
107,Q60424165,15965455,"RRR"
108,Q5873,15959682,"sexual intercourse"
109,Q39,15894382,"Switzerland"
110,Q10738,15859620,"Dwayne Johnson"
111,Q8042634,15793545,"XXXX"
112,Q151472,15742378,"list of James Bond films"
113,Q67200663,15666865,"K.G.F: Chapter 2"
114,Q9671,15631557,"Michael Schumacher"
115,Q60809,15630724,"Ansel Adams"
116,Q889,15544448,"Afghanistan"
117,Q24862683,15541175,"Demon Slayer: Kimetsu no Yaiba"
118,Q692989,15518939,"Roblox"
119,Q60,15423343,"New York City"
120,Q110138,15341552,"Top Gun"
121,Q392108,15305586,"list of highest-grossing films"
122,Q25136249,15261142,"XXX"
123,Q40096,15227259,"Will Smith"
124,Q35073,15144397,"list of presidents of the United States"
125,Q9448,15110098,"Premier League"
126,Q13909,15066166,"Angelina Jolie"
127,Q18656,15037603,"Manchester United F.C."
128,Q30487,14937907,"Mikhail Gorbachev"
129,Q373895,14917293,"Betty White"
130,Q260023,14821165,"list of countries and dependencies by area"
131,Q5187,14811536,"Chechen Republic"
132,Q184,14762753,"Belarus"
133,Q23891,14762631,"Andrew Garfield"
134,Q1001,14695017,"Mohandas Karamchand Gandhi"
135,Q55,14649067,"Netherlands"
136,Q81068910,14640909,"COVID-19 pandemic"
137,Q36215,14584461,"Mark Zuckerberg"
138,Q884,14498379,"South Korea"
139,Q801,14468720,"Israel"
140,Q517,14395220,"Napoleon"
141,Q544,14324421,"Solar System"
142,Q192682,14279708,"Ryan Reynolds"
143,Q216930,14138296,"Harry Potter film series"
144,Q8337,14094387,"Harry Potter"
145,Q186304,14041459,"Kim Kardashian"
146,Q334,14007158,"Singapore"
147,Q80322391,13891608,"The Matrix Resurrections"
148,Q155,13885142,"Brazil"
149,Q12560,13848813,"Ottoman Empire"
150,Q1065,13833576,"United Nations"
151,Q4387616,13824958,"Wikipedia:About"
152,Q28865,13740291,"Python"
153,Q217,13731500,"Moldova"
154,Q9685,13720749,"Diana, Princess of Wales"
155,Q5771590,13688575,"2022 FIFA World Cup qualification"
156,Q230,13661031,"Georgia"
157,Q7156,13654918,"FC Barcelona"
158,Q2,13647305,"Earth"
159,Q9458,13542011,"Muhammad"
160,Q8682,13527167,"Real Madrid CF"
161,Q33,13438664,"Finland"
162,Q25936414,13407132,"Millie Bobby Brown"
163,Q11459,13392102,"Serena Williams"
164,Q40715,13282292,"Jennifer Lopez"
165,Q8683,13280085,"Cold War"
166,Q28404534,13245940,"YouTube Music"
167,Q48796994,13245339,"The Boys"
168,Q9673,13244828,"Lewis Hamilton"
169,Q187447,13203616,"Pablo Escobar"
170,Q4547,13164961,"Daniel Craig"
171,Q698173,13124529,"Ana de Armas"
172,Q8216,13124515,"Greek alphabet"
173,Q9439,13111408,"Victoria"
174,Q283799,13079718,"xXx"
175,Q43203,13066626,"Clint Eastwood"
176,Q55183,13049201,"Susan Wojcicki"
177,Q36107,13044866,"Muhammad Ali"
178,Q47500433,12982730,"The Witcher"
179,Q48493,12914180,"iOS"
180,Q28561969,12843565,"XXXTentacion"
181,Q6223,12830005,"fascism"
182,Q483118,12826382,"Ben Affleck"
183,Q116933,12775136,"VK"
184,Q193074,12761958,"2022 Winter Olympics"
185,Q19848,12758867,"Lady Gaga"
186,Q35332,12742919,"Brad Pitt"
187,Q34,12731147,"Sweden"
188,Q3852623,12638162,"Maurizio Gucci"
189,Q8740,12559494,"Vietnam War"
190,Q23572,12554995,"Game of Thrones"
191,Q843,12530177,"Pakistan"
192,Q46896,12506784,"Messi"
193,Q84712802,12388817,"Moon Knight"
194,Q794,12375484,"Iran"
195,Q3626966,12370565,"Harry Styles"
196,Q7148087,12364962,"Patrizia Reggiani"
197,Q5608,12360394,"Eminem"
198,Q19837,12338738,"Steve Jobs"
199,Q23215,12319105,"Adele"
200,Q18097962,12312557,"Pete Davidson"
201,Q19093,12295413,"list of countries by GDP (nominal)"
202,Q252,12265437,"Indonesia"
203,Q17503525,12243745,"Elizabeth Holmes"
204,Q14925221,12218275,"Better Call Saul"
205,Q17714,12215239,"Stephen Hawking"
206,Q131723,12207183,"bitcoin"
207,Q60498064,12180093,"Venom: Let There Be Carnage"
208,Q180589,12162722,"Boris Johnson"
209,Q25173,12137246,"Titanic"
210,Q41421,12136799,"Michael Jordan"
211,Q34436,12127262,"Scarlett Johansson"
212,Q21914464,12117183,"Dua Lipa"
213,Q191084,12110018,"Val Kilmer"
214,Q22075020,12102839,"xXx: Return of Xander Cage"
215,Q8409,12083378,"Alexander the Great"
216,Q5812,12070297,"Novak Djokovic"
217,Q48938223,12064040,"TikTok"
218,Q302,12049576,"Jesus"
219,Q2685,12047918,"Arnold Schwarzenegger"
220,Q2005,12027176,"JavaScript"
221,Q55648452,12025432,"non-fungible token"
222,Q15935,12023359,"Kanye West"
223,Q1179138,12022669,"Null"
224,Q290,12002218,"sex"
225,Q7835,12001740,"Crimea"
226,Q96929880,11987415,"Eurovision Song Contest 2022"
227,Q36159,11958176,"LeBron James"
228,Q300950,11894039,"Roe v. Wade"
229,Q907112,11887781,"Transnistria"
230,Q1299,11851890,"The Beatles"
231,Q79,11849133,"Egypt"
232,Q8016,11814461,"Winston Churchill"
233,Q36450,11784270,"Catherine II of Russia"
234,Q151892,11768839,"Ariana Grande"
235,Q878,11752635,"United Arab Emirates"
236,Q2142669,11750254,"AmBev"
237,Q96,11733992,"Mexico"
238,Q18643737,11664795,"YouTube Premium"
239,Q488,11654433,"atomic bombings of Hiroshima and Nagasaki"
240,Q762,11580991,"Leonardo da Vinci"
241,Q29564107,11578662,"Billie Eilish"
242,Q20,11574894,"Norway"
243,Q15616276,11569619,"Telegram"
244,Q190192,11542503,"Dune"
245,Q21,11527036,"England"
246,Q462,11510278,"Star Wars"
247,Q232737,11483243,"The Walking Dead"
248,Q15031,11480462,"Xi Jinping"
249,Q55405369,11467902,"Morbius"
250,Q83495,11390318,"The Matrix"
251,Q18199332,11385766,"Fantastic Beasts: The Secrets of Dumbledore"
252,Q280856,11384291,"George VI"
253,Q22663,11361442,"The Pirate Bay"
254,Q72635834,11352015,"2021 Formula One World Championship"
255,Q19317,11350384,"FIFA World Cup"
256,Q432,11346868,"Islam"
257,Q105429923,11346185,"Special:RecentChanges"
258,Q313381,11341285,"Tom Brady"
259,Q84,11334131,"London"
260,Q40572,11297504,"Heath Ledger"
261,Q28967995,11296048,"Erling Haaland"
262,Q6622409,11295118,"list of highest-grossing Indian films worldwide"
263,Q258,11282783,"South Africa"
264,Q3052772,11223438,"Emmanuel Macron"
265,Q9036,11210085,"Nikola Tesla"
266,Q151269,11204993,"Robert Lewandowski"
267,Q15,11200415,"Africa"
268,Q14116,11189249,"macOS"
269,Q251868,11183298,"Halloween"
270,Q185165,11174638,"Olivia Newton-John"
271,Q403,11151813,"Serbia"
272,Q101797,11139408,"Winona Ryder"
273,Q2632041,11117196,"metaverse technology"
274,Q76,11087584,"Barack Obama"
275,Q16397,11078100,"Bruce Lee"
276,Q1130849,11069968,"Liverpool F.C."
277,Q171,11067811,"wiki"
278,Q851,11064772,"Saudi Arabia"
279,Q854,11062548,"Sri Lanka"
280,Q83325,11059996,"Pamela Anderson"
281,Q189490,11058282,"Jennifer Lawrence"
282,Q423,11030718,"North Korea"
283,Q26876,11011608,"Taylor Swift"
284,Q586025,10991474,"Attack on Titan"
285,Q1912,10983887,"Karim Benzema"
286,Q21621995,10963043,"Kylian Mbappé"
287,Q55632932,10951586,"Sex Education"
288,Q65130417,10939540,"Opinion polling for the next French presidential election"
289,Q84263196,10927361,"COVID-19"
290,Q165524,10923382,"Tobey Maguire"
291,Q92821370,10921523,"2022 Formula One World Championship"
292,Q40,10905451,"Austria"
293,Q11903424,10897312,"Help:IPA/English"
294,Q39476,10869459,"Emma Watson"
295,Q9696,10862551,"John F. Kennedy"
296,Q218,10829315,"Romania"
297,Q79037,10827956,"Spider-Man"
298,Q928,10815695,"Philippines"
299,Q85748936,10768785,"Bridgerton"
300,Q79031,10747244,"Mike Tyson"
301,Q178516,10727201,"Gucci"
302,Q352159,10714172,"Stephen Curry"
303,Q85323337,10704178,"The Power of the Dog"
304,Q194318,10693246,"Pirates of the Caribbean"
305,Q6534,10688821,"French Revolution"
306,Q2680,10653786,"Bruce Willis"
307,Q9616,10624991,"Chelsea F.C."
308,Q1079,10601587,"Breaking Bad"
309,Q12013,10578028,"Google Maps"
310,Q1394,10562703,"Vladimir Lenin"
311,Q31,10545011,"Belgium"
312,Q6107,10507212,"Tupac Shakur"
313,Q312556,10499503,"Jeff Bezos"
314,Q41726,10498038,"freemasonry"
315,Q41,10461647,"Greece"
316,Q166177,10455387,"Ballon d'Or"
317,Q482607,10451023,"Munhwa Broadcasting Corporation"
318,Q333544,10440592,"Bob Saget"
319,Q170572,10439546,"Alec Baldwin"
320,Q1000592,10421693,"Tyson Fury"
321,Q1246,10415616,"Kosovo"
322,Q228787,10411341,"Jada Pinkett Smith"
323,Q1037532,10409331,"Moon Knight"
324,Q211280,10407162,"Ray Liotta"
325,Q105549749,10402756,"House of Gucci"
326,Q649,10401620,"Moscow"
327,Q2239218,10397701,"Max Verstappen"
328,Q43989,10385524,"Grigori Rasputin"
329,Q40791,10353955,"Sandra Bullock"
330,Q189062,10346653,"states with nuclear weapons"
331,Q692,10340145,"William Shakespeare"
332,Q16942189,10340035,"Azov Regiment"
333,Q102439344,10332721,"Wikipedia Asian Month 2021"
334,Q673,10323994,"One Piece"
335,Q55178974,10321122,"Jurassic World Dominion"
336,Q62604229,10309552,"Marvel Cinematic Universe Phase Four"
337,Q28,10287194,"Hungary"
338,Q157280,10243543,"Stepan Bandera"
339,Q7553,10240437,"translation"
340,Q55522899,10240098,"Jujutsu Kaisen"
341,Q438406,10237757,"Grey's Anatomy"
342,Q208026,10235849,"Tom Hardy"
343,Q25205293,10181276,"Ozark"
344,Q173399,10158393,"Elliot Page"
345,Q8394,10147191,"sex position"
346,Q924355,10140752,"XXXX"
347,Q161790,10122437,"Asperger syndrome"
348,Q16927658,10096375,"Google Classroom"
349,Q103343,10092086,"Jennifer Connelly"
350,Q2277,10078345,"Roman Empire"
351,Q229,10067300,"Cyprus"
352,Q83338,10057491,"Robin Williams"
353,Q213,10028242,"Czech Republic"
354,Q80976,10025139,"Prince Philip, Duke of Edinburgh"
355,Q8396,10012776,"masturbation"
356,Q1203,10009596,"John Lennon"
357,Q336788,10003742,"Oscar Isaac"
358,Q4583,9997713,"Anne Frank"
359,Q64849968,9995577,"Emma Raducanu"
360,Q35,9994231,"Denmark"
361,Q1899,9989833,"Kyiv"
362,Q166502,9988045,"seven deadly sins"
363,Q11578,9978059,"Venus Williams"
364,Q16150196,9977761,"Donetsk People's Republic"
365,Q8646,9976057,"Hong Kong"
366,Q142794,9963765,"Neymar"
367,Q664,9938128,"New Zealand"
368,Q45,9937797,"Portugal"
369,Q5582,9935305,"Vincent van Gogh"
370,Q315271,9921978,"Jason Momoa"
371,Q4555537,9914639,"Twitch"
372,Q414,9912311,"Argentina"
373,Q881,9903393,"Vietnam"
374,Q193159,9902941,"Russian Armed Forces"
375,Q192218,9901779,"Ted Bundy"
376,Q36844,9898217,"Rihanna"
377,Q12802,9851021,"nuclear weapon"
378,Q50602,9837567,"Manchester City F.C."
379,Q49740,9793220,"Minecraft"
380,Q7318,9788297,"Nazi Germany"
381,Q11750,9787621,"list of sovereign states"
382,Q30599007,9784369,"Succession"
383,Q40026,9763858,"Sylvester Stallone"
384,Q42869,9735507,"Nicolas Cage"
385,Q90,9727604,"Paris"
386,Q7174,9709629,"democracy"
387,Q567,9688986,"Angela Merkel"
388,Q104154217,9679986,"Obi-Wan Kenobi"
389,Q5043,9679972,"Christianity"
390,Q2763,9651634,"The Holocaust"
391,Q37,9643569,"Lithuania"
392,Q40540,9639532,"zodiac"
393,Q186447,9631268,"James Webb Space Telescope"
394,Q1028,9619762,"Morocco"
395,Q36597284,9616660,"Wagner Group"
396,Q63981675,9603408,"Tokyo Revengers"
397,Q15862,9601780,"Queen"
398,Q7322,9594267,"Christopher Columbus"
399,Q5372,9590108,"basketball"
400,Q11975,9568970,"Britney Spears"
401,Q227,9548519,"Azerbaijan"
402,Q133313,9542626,"Jake Gyllenhaal"
403,Q83287,9535046,"Selena Gomez"
404,Q423289,9516223,"BBC World Service"
405,Q48,9508074,"Asia"
406,Q233,9503807,"Malta"
407,Q2736,9499353,"association football"
408,Q8023,9481736,"Nelson Mandela"
409,Q1795024,9442921,"occidental astrological sign"
410,Q1770624,9434051,"Kylie Jenner"
411,Q34086,9423582,"Justin Bieber"
412,Q484523,9401059,"Jared Leto"
413,Q189,9349045,"Iceland"
414,Q312,9345825,"Apple Inc."
415,Q5269483,9328061,"list of One Piece episodes"
416,Q86751411,9326660,"Pushpa: The Rise"
417,Q11660,9321275,"artificial intelligence"
418,Q5107,9320241,"continent"
419,Q64826862,9311474,"Elden Ring"
420,Q65231576,9310228,"Spy × Family"
421,Q222,9298583,"Albania"
422,Q7186,9284183,"Marie Curie"
423,Q91,9277310,"Abraham Lincoln"
424,Q8398,9268905,"anal sex"
425,Q29261,9266589,"Lockheed Martin F-35 Lightning II"
426,Q174614,9257233,"Carlo Ancelotti"
427,Q2808,9243811,"Elton John"
428,Q54810034,9241591,"2022 FIFA World Cup qualification - UEFA"
429,Q224,9237639,"Croatia"
430,Q483020,9235907,"Paris Saint-Germain F.C."
431,Q25369,9219073,"Kobe Bryant"
432,Q100361490,9203262,"Don't Look Up"
433,Q80069,9184305,"Megan Fox"
434,Q49,9177320,"North America"
435,Q1744,9166494,"Madonna"
436,Q243,9161585,"Eiffel Tower"
437,Q32522,9159579,"Jennifer Aniston"
438,Q61633664,9156276,"The King's Man"
439,Q295498,9150541,"Henry Cavill"
440,Q47452423,9142999,"Yellowstone"
441,Q227129,9127909,"Zoë Kravitz"
442,Q38370,9120309,"Henry VIII of England"
443,Q902,9092565,"Bangladesh"
444,Q96621465,9085715,"2021–22 UEFA Champions League"
445,Q2269,9080857,"Industrial Revolution"
446,Q508049,9073491,"Ezra Miller"
447,Q6186,9068715,"communism"
448,Q1048,9049238,"Julius Caesar"
449,Q8027,9033986,"Martin Luther King Jr."
450,Q846,9001787,"Qatar"
451,Q20882479,8980172,"Anya Taylor-Joy"
452,Q35657,8955363,"U.S. state"
453,Q656,8953321,"Saint Petersburg"
454,Q8007,8950634,"Franklin Delano Roosevelt"
455,Q869,8939408,"Thailand"
456,Q83071,8922054,"Downton Abbey"
457,Q6096,8917987,"Snoop Dogg"
458,Q37876,8887630,"Natalie Portman"
459,Q2263,8877358,"Tom Hanks"
460,Q34424,8873663,"Shakira"
461,Q382370,8863800,"monkeypox"
462,Q405,8860624,"Moon"
463,Q37459,8847386,"Nicole Kidman"
464,Q8676,8841998,"American Civil War"
465,Q49628,8835763,"2021"
466,Q210701,8835339,"history of Ukraine"
467,Q34768,8815356,"list of country calling codes"
468,Q5383,8808544,"David Bowie"
469,Q169963,8779652,"Jason Statham"
470,Q72930269,8758414,"House of the Dragon"
471,Q36767,8756983,"Robert Pattinson"
472,Q7207,8744705,"Elizabeth I of England"
473,Q525,8743567,"Sun"
474,Q36704,8743237,"Yugoslavia"
475,Q3099714,8736749,"Justin Trudeau"
476,Q235,8733608,"Monaco"
477,Q720,8724603,"Genghis Khan"
478,Q17515,8712145,"Diego Maradona"
479,Q40504,8708820,"Jim Carrey"
480,Q269412,8701710,"George V"
481,Q254,8692897,"Wolfgang Amadeus Mozart"
482,Q935,8691326,"Isaac Newton"
483,Q2599,8688653,"Paul McCartney"
484,Q1734,8676998,"volleyball"
485,Q202589,8670259,"Cillian Murphy"
486,Q147077,8668680,"Emma Stone"
487,Q748,8667422,"Buddhism"
488,Q2315802,8662819,"Dakota Johnson"
489,Q4692,8655301,"Renaissance"
490,Q165219,8655139,"Robert Downey Jr."
491,Q5588,8643799,"Frida Kahlo"
492,Q85000980,8643188,"The Last Duel"
493,Q5284,8638754,"Bill Gates"
494,Q1354960,8625094,"Mohamed Salah"
495,Q833,8621408,"Malaysia"
496,Q4470,8611569,"The Wheel of Time"
497,Q104396610,8609534,"The Book of Boba Fett"
498,Q68,8585575,"computer"
499,Q44306,8583905,"Salman Rushdie"
500,Q18233,8580963,"ABBA"
501,Q39082126,8580258,"You"
502,Q18199330,8572727,"Fantastic Beasts and Where to Find Them"
503,Q1968,8567665,"Formula One"
504,Q65980843,8563558,"Hawkeye"
505,Q59248250,8547857,"Hunter Schafer"
506,Q9141,8544116,"Taj Mahal"
507,Q1426,8535376,"Roger Federer"
508,Q244674,8514947,"Benedict Cumberbatch"
509,Q96407897,8511900,"Ted Lasso"
510,Q99717,8494640,"1989 Tiananmen Square protests and massacre"
511,Q56816969,8489278,"Death on the Nile"
512,Q729,8485085,"animal"
513,Q12495,8477006,"Burj Khalifa"
514,Q76478,8471499,"Kirsten Dunst"
515,Q65,8462399,"Los Angeles"
516,Q1317,8448853,"Osama bin Laden"
517,Q54314,8435335,"Chris Hemsworth"
518,Q27,8432827,"Republic of Ireland"
519,Q105973466,8399348,"Better Call Saul, season 6"
520,Q49625,8395895,"2022"
521,Q236,8393371,"Montenegro"
522,Q288477,8373485,"Éric Zemmour"
523,Q2904131,8368901,"Jeffrey Epstein"
524,Q18735049,8365246,"Mia Khalifa"
525,Q590227,8362018,"Edward VIII of the United Kingdom"
526,Q5167679,8359800,"dissolution of the Soviet Union"
527,Q291,8344035,"pornography"
528,Q200015,8343807,"Vladimir Zhirinovsky"
529,Q208850,8342554,"single-player video game"
530,Q399,8336417,"Armenia"
531,Q9061,8321605,"Karl Marx"
532,Q5593,8316944,"Pablo Picasso"
533,Q103578,8315507,"Macaulay Culkin"
534,Q1987589,8292389,"Generation Z"
535,Q8663,8287611,"Korean War"
536,Q126599,8281561,"Kristen Stewart"
537,Q169452,8269697,"Shaquille O'Neal"
538,Q42786,8254588,"Audrey Hepburn"
539,Q162959,8252013,"Blake Lively"
540,Q106594236,8238572,"The Walking Dead, season 11"
541,Q17884,8230681,"LGBT"
542,Q67171881,8215908,"Uncharted"
543,Q191,8214614,"Estonia"
544,Q375590,8190639,"Rami Malek"
545,Q185654,8188424,"Gal Gadot"
546,Q34266,8176811,"Russian Empire"
547,Q32,8168240,"Luxembourg"
548,Q153815,8159450,"Princess Margaret, Countess of Snowdon"
549,Q219,8146170,"Bulgaria"
550,Q213864,8141869,"Paul Walker"
551,Q34453,8118769,"Boris Yeltsin"
552,Q23781155,8115153,"Avengers: Endgame"
553,Q9960,8092716,"Ronald Reagan"
554,Q38119,8091715,"Daniel Radcliffe"
555,Q5809,8084624,"Che Guevara"
556,Q12418,8084391,"Mona Lisa"
557,Q324670,8079618,"Omegle"
558,Q200355,8073126,"Olivia Wilde"
559,Q178275,8067721,"1918-1920 flu pandemic"
560,Q1316,8064116,"Saddam Hussein"
561,Q7742,8046993,"Louis XIV of France"
562,Q18637166,8042533,"Andrew Tate"
563,Q1924847,8036939,"Margot Robbie"
564,Q936105,8036764,"Armed Forces of Ukraine"
565,Q882,8036363,"Charlie Chaplin"
566,Q188955,8031507,"Matthew McConaughey"
567,Q178348,8027098,"Chris Evans"
568,Q56226,8024494,"Kim Jong-un"
569,Q1829,8023305,"Kaliningrad"
570,Q1354843,8014364,"Machine Gun Kelly"
571,Q365144,8012602,"Caitlyn Jenner"
572,Q150782,8011428,"Empress Elisabeth of Austria"
573,Q53406553,8009554,"Manifest"
574,Q225,8008237,"Bosnia and Herzegovina"
575,Q34623,7997910,"Ten Commandments"
576,Q193815,7996748,"Ryan Gosling"
577,Q63243883,7984616,"Olivia Rodrigo"
578,Q271534,7956578,"pansexuality"
579,Q5891,7954772,"philosophy"
580,Q1033,7954767,"Nigeria"
581,Q739,7947293,"Colombia"
582,Q205707,7945045,"Bradley Cooper"
583,Q40787,7942708,"Nicholas II of Russia"
584,Q251,7942003,"Java"
585,Q47703,7938262,"The Godfather"
586,Q5162259,7932910,"Conor McGregor"
587,Q23559,7918227,"Benito Mussolini"
588,Q58444,7912776,"Liam Neeson"
589,Q111012213,7904210,"timeline of the 2022 Russian invasion of Ukraine"
590,Q2992278,7904050,"Moskva"
591,Q47447,7902796,"Ed Sheeran"
592,Q8446,7901394,"Kurt Cobain"
593,Q140,7900202,"lion"
594,Q5816,7899689,"Mao Zedong"
595,Q529207,7899352,"Ronaldo"
596,Q493078,7888670,"The World's Billionaires"
597,Q41163,7879992,"Al Pacino"
598,Q9617,7862021,"Arsenal F.C."
599,Q164119,7849977,"Mark Wahlberg"
600,Q36970,7849843,"Jackie Chan"
601,Q36949,7842393,"Robert De Niro"
602,Q106255,7838999,"Jean-Paul Belmondo"
603,Q223,7838157,"Greenland"
604,Q298252,7828741,"John Wayne Gacy"
605,Q190845,7825638,"BDSM"
606,Q449002,7823946,"Jonathan Larson"
607,Q231310,7809651,"Helen McCrory"
608,Q237324,7805790,"Lisa Marie Presley"
609,Q277633,7802488,"Generation Y"
610,Q34660,7801412,"J. K. Rowling"
611,Q868,7791001,"Aristotle"
612,Q170581,7787203,"Nancy Pelosi"
613,Q6895044,7783145,"multiplayer video game"
614,Q20670730,7779785,"Lily Rose Depp"
615,Q51023,7771308,"Vanessa Paradis"
616,Q23010088,7768681,"Spider-Man: Homecoming"
617,Q26971382,7766761,"Naruto"
618,Q30638578,7761115,"2022 French presidential election"
619,Q25056945,7760031,"Blackpink"
620,Q388,7730359,"Linux"
621,Q234644,7724894,"Elizabeth Olsen"
622,Q105065213,7707098,"Light the Night"
623,Q221,7707075,"North Macedonia"
624,Q450675,7694038,"Pope Francis"
625,Q17199349,7682378,"casualties of the Russo-Ukrainian War"
626,Q47131,7681746,"Ku Klux Klan"
627,Q8401,7679034,"fellatio"
628,Q503706,7665883,"Chris Pratt"
629,Q217115,7659655,"Ramazan Kadyrov"
630,Q23894626,7653166,"Black Widow"
631,Q83808444,7633454,"Everything Everywhere All at Once"
632,Q2283,7631917,"Microsoft"
633,Q363,7630643,"World War III"
634,Q2117769,7625644,"Canelo Goat Alvarez"
635,Q478214,7624148,"Tesla, Inc."
636,Q12554,7615746,"Middle Ages"
637,Q44535025,7604571,"The Umbrella Academy"
638,Q255,7602903,"Ludwig van Beethoven"
639,Q9340,7597572,"Google Drive"
640,Q66707597,7596951,"94th Academy Awards"
641,Q9441,7594026,"Gautama Buddha"
642,Q796,7592006,"Iraq"
643,Q220,7582616,"Rome"
644,Q3772,7574929,"Quentin Tarantino"
645,Q7416,7565473,"Margaret Thatcher"
646,Q8474,7559528,"Suleiman the Magnificent"
647,Q4573,7548993,"Sean Connery"
648,Q45772,7546657,"Christian Bale"
649,Q12214,7542475,"smallpox"
650,Q836,7539885,"Myanmar"
651,Q48270,7537965,"non-binary"
652,Q231096,7536274,"Léa Seydoux"
653,Q53922,7532755,"American Horror Story"
654,Q13560358,7513513,"Julia Garner"
655,Q104007235,7512395,"Only Murders in the Building"
656,Q2766,7509788,"iPhone"
657,Q80938,7500276,"John Travolta"
658,Q218148,7496693,"Zodiac Killer"
659,Q22,7493929,"Scotland"
660,Q220140,7492850,"Travis Barker"
661,Q826,7489849,"Maldives"
662,Q51415,7479521,"queer"
663,Q171428,7479477,"Roman Abramovich"
664,Q44578,7472512,"Titanic"
665,Q152929,7467824,"Meat Loaf"
666,Q19809,7454427,"Christmas"
667,Q27985819,7450983,"Spider-Man: Far from Home"
668,Q12501,7449791,"Great Wall of China"
669,Q12544,7448477,"Byzantine Empire"
670,Q12638,7440161,"gross domestic product"
671,Q2485083,7438672,"suicide method"
672,Q61883088,7436357,"Ghostbusters: Afterlife"
673,Q513,7427074,"Mount Everest"
674,Q104215553,7416873,"Kenosha riot shooting"
675,Q2388576,7413399,"Taika Waititi"
676,Q331748,7410157,"Tommy Lee"
677,Q498825,7399692,"Korean Broadcasting System"
678,Q52418,7397485,"Attack on Pearl Harbor"
679,Q65980671,7395299,"What If...?"
680,Q111030996,7390747,"Template:Russo-Ukrainian War detailed map"
681,Q638,7383544,"music"
682,Q312395,7374408,"Taylor Hawkins"
683,Q283,7372640,"water"
684,Q38685497,7364868,"Free Guy"
685,Q406,7360437,"Istanbul"
686,Q485508,7356898,"Charles Manson"
687,Q96414952,7351473,"All of Us Are Dead"
688,Q28406404,7346289,"Microsoft Teams"
689,Q9268,7343951,"Judaism"
690,Q130311,7343049,"George Michael"
691,Q125106,7341031,"Salma Hayek"
692,Q37628,7338886,"Mila Kunis"
693,Q34012,7338103,"Marlon Brando"
694,Q61053,7337752,"Olaf Scholz"
695,Q265,7321651,"Uzbekistan"
696,Q497770,7321387,"Gaspard Ulliel"
697,Q37587,7306061,"Valentine's Day"
698,Q1371229,7303565,"Norm Macdonald"
699,Q241,7301205,"Cuba"
700,Q61670513,7297913,"2022 in film"
701,Q102147287,7295318,"Vikram"
702,Q85518571,7294323,"Arcane"
703,Q1682357,7292929,"list of states and territories of the United States"
704,Q144,7291561,"dog"
705,Q23831,7275991,"The Office"
706,Q35127,7273447,"website"
707,Q5,7272666,"human"
708,Q1835,7272208,"Zinedine Zidane"
709,Q5389,7267129,"Olympic Games"
710,Q82396632,7266859,"Inventing Anna"
711,Q44437,7258142,"Luizle"
712,Q8877,7251675,"Steven Spielberg"
713,Q60746841,7228477,"The Wheel of Time"
714,Q172863,7217097,"list of Formula One World Drivers' Champions"
715,Q190214,7215859,"The Lord of the Rings trilogy"
716,Q8042632,7215513,"XXXX"
717,Q18602670,7203815,"Spectre"
718,Q262,7201020,"Algeria"
719,Q195719,7200847,"The Wachowskis"
720,Q61872806,7199252,"murder of Junko Furuta"
721,Q234773,7195898,"Priscilla Presley"
722,Q37133,7195174,"Mariupol"
723,Q34389,7185599,"Whitney Houston"
724,Q11768,7184593,"Ancient Egypt"
725,Q13479982,7182950,"cryptocurrency"
726,Q211,7172100,"Latvia"
727,Q9089,7168821,"Sanatan Dharma"
728,Q40523,7168419,"Julia Roberts"
729,Q178351,7154291,"Antonov An-225"
730,Q505476,7150467,"Avicii"
731,Q359480,7147918,"Fumio Kishida"
732,Q7251,7146134,"Alan Turing"
733,Q1783949,7145845,"brownie"
734,Q484876,7145672,"chief executive officer"
735,Q185140,7136868,"Joaquin Phoenix"
736,Q36301,7134651,"Anne Hathaway"
737,Q231726,7127527,"Hailee Steinfeld"
738,Q21196,7120435,"Easter"
739,Q49004,7109558,"Patrick Swayze"
740,Q80046,7105367,"Charlize Theron"
741,Q41112,7094312,"schizophrenia"
742,Q484847,7093643,"e-commerce"
743,Q19520525,7093352,"Lucifer"
744,Q13417189,7092142,"Interstellar"
745,Q12204,7084664,"tuberculosis"
746,Q1138235,7076871,"Kris Jenner"
747,Q381741,7072779,"Thermobaric weapon"
748,Q42101,7066600,"Denzel Washington"
749,Q711,7060796,"Mongolia"
750,Q51120673,7040638,"Doja Cat"
751,Q23760,7037227,"Rowan Atkinson"
752,Q207,7033546,"George W. Bush"
753,Q2307877,7029942,"Spider-Man in film"
754,Q15789,7028131,"FC Bayern Munich"
755,Q215,7028007,"Slovenia"
756,Q7310,7021634,"Nazism"
757,Q29908604,7017916,"The Good Doctor"
758,Q7737,7010331,"Russian"
759,Q2122,6995059,"oral sex"
760,Q5880,6991542,"vagina"
761,Q8539,6989212,"The Big Bang Theory"
762,Q9202,6985276,"Statue of Liberty"
763,Q4980478,6983055,"project:general disclaimer"
764,Q859,6982923,"Plato"
765,Q38076,6980701,"McDonald’s"
766,Q23530,6976535,"Dmitry Medvedev"
767,Q484442,6967586,"Spider-Man"
768,Q229313,6958667,"Jessica Chastain"
769,Q132952,6958426,"Adam Sandler"
770,Q38964,6958092,"International Women's Day"
771,Q65235036,6939678,"My Dress-Up Darling"
772,Q3700050,6933937,"XVideos"
773,Q42005,6928701,"Black Death"
774,Q11637,6906635,"Judy Garland"
775,Q164038,6898407,"Pep Guardiola"
776,Q612,6883022,"Dubai"
777,Q49008,6880357,"prime number"
778,Q153770,6875973,"Deutsche Welle"
779,Q858,6874489,"Syria"
780,Q16335075,6874171,"War in Donbas"
781,Q7942,6872105,"global warming"
782,Q2009573,6869973,"James Bond"
783,Q39444,6860771,"Ronaldinho"
784,Q2643,6857971,"George Harrison"
785,Q150,6851464,"French"
786,Q696918,6841141,"JoJo's Bizarre Adventure"
787,Q38433,6840890,"Newton's laws of motion"
788,Q16617922,6830839,"xHamster"
789,Q214,6828945,"Slovakia"
790,Q38994,6828041,"Human Development Index"
791,Q231690,6824593,"Bhimrao Ramji Ambedkar"
792,Q15897,6824261,"Amy Winehouse"
793,Q7272,6822496,"socialism"
794,Q88563268,6818055,"Scream"
795,Q469954,6816021,"Austin Butler"
796,Q103372692,6805619,"Encanto"
797,Q16986436,6802916,"Sanna Marin"
798,Q15920546,6796394,"annexation of Crimea by the Russian Federation"
799,Q11188,6791994,"world population"
800,Q717,6786915,"Venezuela"
801,Q229184,6785781,"Lily Collins"
802,Q347,6773099,"Liechtenstein"
803,Q56876444,6770468,"The Mandalorian"
804,Q228,6768143,"Andorra"
805,Q73093255,6764972,"Laal Singh Chaddha"
806,Q134183,6758651,"Magic Johnson"
807,Q9215,6755520,"Sigmund Freud"
808,Q1422,6752164,"Juventus F.C."
809,Q131412,6750063,"Mary, Queen of Scots"
810,Q326461,6724647,"27 Club"
811,Q17501733,6718918,"Bayraktar TB2"
812,Q12897,6717594,"Pelé"
813,Q108486931,6704095,"Business Proposal"
814,Q42229,6699604,"Mel Gibson"
815,Q4725343,6697076,"Alia Bhatt"
816,Q3220391,6695342,"social networking service"
817,Q1543,6693830,"A.C. Milan"
818,Q3526023,6689600,"Khabib Nurmagomedov"
819,Q958391,6679728,"Georgia Guidestones"
820,Q208460,6677003,"Nineteen Eighty-Four"
821,Q34201,6674226,"Zeus"
822,Q120843,6671874,"Second Chechen War"
823,Q104821313,6670888,"The Kashmir Files"
824,Q134077,6665619,"Rachel Weisz"
825,Q11036,6660508,"The Rolling Stones"
826,Q107176162,6653710,"Nope"
827,Q6216,6653673,"liberalism"
828,Q233282,6649568,"Lyudmila Putina"
829,Q22277803,6649247,"Florence Pugh"
830,Q9358,6648578,"Friedrich Nietzsche"
831,Q8060,6645822,"Romani"
832,Q545449,6645472,"Iraq War"
833,Q155223,6644151,"National Basketball Association"
834,Q822,6637029,"Lebanon"
835,Q844,6633065,"James Bond"
836,Q170645,6628685,"2018 FIFA World Cup"
837,Q7325,6627882,"Jewish people"
838,Q237,6624554,"Vatican City"
839,Q18,6624311,"South America"
840,Q4109,6622287,"Chris Rock"
841,Q193517,6615473,"Emily Blunt"
842,Q324867,6614921,"La Liga"
843,Q489772,6614142,"Seven Wonders of the Ancient World"
844,Q12920,6612389,"Igor and Grichka Bogdanoff"
845,Q115,6611893,"Ethiopia"
846,Q18760,6607863,"UEFA Europa League"
847,Q8479,6607701,"Peter the Great"
848,Q156347,6602636,"Lata Mangeshkar"
849,Q92590789,6599362,"The Sandman"
850,Q11767,6599162,"Mesopotamia"
851,Q106086340,6596419,"2022–23 UEFA Champions League"
852,Q16503,6594619,"Project:Village pump"
853,Q9550,6593872,"Katrina Kaif"
854,Q61,6585103,"Washington, D.C."
855,Q178810,6583027,"Syrian Civil War"
856,Q111,6580180,"Mars"
857,Q55294,6575536,"Kenneth Branagh"
858,Q2306,6573008,"Pink Floyd"
859,Q913,6559669,"Socrates"
860,Q267330,6550589,"Miles Teller"
861,Q192156,6540333,"Call of Duty"
862,Q14820885,6536564,"ejaculation"
863,Q10520,6530631,"David Beckham"
864,Q23006268,6527898,"Venom"
865,Q4654925,6522699,"Wikipedia:Community portal"
866,Q298,6520028,"Chile"
867,Q484615,6513810,"Ethan Hawke"
868,Q5066520,6505707,"Chadwick Boseman"
869,Q12548,6502048,"Holy Roman Empire"
870,Q106481,6500307,"Alan Rickman"
871,Q8743,6499989,"Thomas Alva Edison"
872,Q79784,6493752,"Friends"
873,Q35314,6490264,"Nikita Khrushchev"
874,Q307,6486654,"Galileo Galilei"
875,Q18199331,6485834,"Fantastic Beasts: The Crimes of Grindelwald"
876,Q42418,6482676,"Taliban"
877,Q2646553,6480516,"N. T. Rama Rao"
878,Q10490,6472697,"Ayrton Senna"
879,Q79983,6471966,"José Mourinho"
880,Q15920,6467262,"Metallica"
881,Q37643,6459532,"Gulf War"
882,Q36153,6456029,"Beyoncé"
883,Q24871,6448839,"Avatar"
884,Q108977,6448638,"list of countries by GDP (nominal) per capita"
885,Q23,6446643,"George Washington"
886,Q131036,6444304,"Scientology"
887,Q18810940,6444002,"Camila Cabello"
888,Q13605596,6440371,"Travis Scott"
889,Q144622,6435613,"Phil Collins"
890,Q1124,6434652,"Bill Clinton"
891,Q797,6433012,"Alaska"
892,Q81520,6423920,"Pierce Brosnan"
893,Q104845027,6421747,"Turning Red"
894,Q229147,6420475,"Kelly McGillis"
895,Q559856,6399912,"online video platform"
896,Q44380,6388326,"Cameron Diaz"
897,Q2121062,6388174,"The Weeknd"
898,Q231999,6387223,"Sūrat al-Mulk"
899,Q242351,6385239,"Ivana Trump"
900,Q19020,6383519,"Academy Awards"
901,Q165058,6383145,"Holodomor"
902,Q483639,6377862,"cloud computing"
903,Q20055561,6376375,"Rishi Sunak"
904,Q185441,6369313,"member state of the European Union"
905,Q1576873,6369159,"Fast & Furious"
906,Q1479337,6368879,"list of the verified oldest people"
907,Q104859117,6363800,"WrestleMania 38"
908,Q1027,6357068,"Mauritius"
909,Q23685,6354611,"Jimmy Carter"
910,Q47365,6354193,"Marie Antoinette"
911,Q178166,6342541,"Vin Diesel"
912,Q4235,6334262,"Miley Cyrus"
913,Q9513,6333280,"A. P. J. Abdul Kalam"
914,Q188772,6327034,"Willem Dafoe"
915,Q409,6324927,"Bob Marley"
916,Q3351697,6323751,"Dr. Puneeth Rajkumar"
917,Q6078,6320398,"Dr. Dre"
918,Q2721714,6318652,"Ambareesh"
919,Q64,6315649,"Berlin"
920,Q6629088,6314004,"list of most viewed YouTube videos"
921,Q40912,6313559,"Frank Sinatra"
922,Q42759035,6309573,"Joker"
923,Q5577,6305364,"Salvador Dalí"
924,Q208166,6303315,"borderline personality disorder"
925,Q873,6301525,"Meryl Streep"
926,Q81328,6297319,"Harrison Ford"
927,Q57902,6291413,"Ralf Rangnick"
928,Q57317060,6288187,"The Suicide Squad"
929,Q103939,6285924,"Charlie Sheen"
930,Q938027,6280424,"Oleksandr Usyk"
931,Q39792,6279408,"Jack Nicholson"
932,Q47300912,6277778,"Once Upon a Time in Hollywood"
933,Q175535,6277276,"Matt Damon"
934,Q11930,6273798,"Kevin Costner"
935,Q873072,6272565,"clitoris"
936,Q158957,6270709,"Priyanka Chopra"
937,Q30449,6267465,"Avril Lavigne"
938,Q212064,6264295,"Channing Tatum"
939,Q15980635,6261923,"UEFA Nations League"
940,Q47502,6261254,"Mother's Day"
941,Q1459658,6255201,"Viktor Yanukovych"
942,Q202765,6253119,"Kate Winslet"
943,Q7226,6249951,"Joan of Arc"
944,Q974,6248900,"Democratic Republic of the Congo"
945,Q30547,6242542,"Mother Teresa"
946,Q283696,6240750,"XXX: State of the Union"
947,Q170428,6238612,"Helena Bonham Carter"
948,Q8124,6237750,"human penis"
949,Q7542,6229407,"Prince"
950,Q37312,6228747,"Internet Movie Database"
951,Q43708,6227808,"Bermuda Triangle"
952,Q813,6225703,"Kyrgyzstan"
953,Q42581,6225146,"Keira Knightley"
954,Q991,6222165,"Fyodor Dostoyevsky"
955,Q620735,6221910,"Russo-Georgian War"
956,Q374273,6216531,"Armie Hammer"
957,Q104409060,6214198,"Lightyear"
958,Q172044,6212664,"Jennifer Garner"
959,Q153330,6200460,"Prince Andrew, Duke of York"
960,Q5887,6197804,"orgasm"
961,Q19894727,6184959,"Prashanth Neel"
962,Q232414,6183350,"Lisa Bonet"
963,Q219136,6181796,"Outlook.com"
964,Q18741,6173786,"Tottenham Hotspur F.C."
965,Q4917,6171960,"United States dollar"
966,Q11696,6171754,"President of the United States"
967,Q62591281,6167608,"Lil Nas X"
968,Q105970894,6167144,"Sonic the Hedgehog 2"
969,Q125121,6166059,"Aretha Franklin"
970,Q10920,6164585,"Anonymous"
971,Q38789,6162273,"Battle of Stalingrad"
972,Q1108445,6160566,"Kievan Rus'"
973,Q134949,6156876,"Winter War"
974,Q21063646,6155942,"Vicky Kaushal"
975,Q1225041,6155582,"gaslighting"
976,Q5592,6154552,"Michelangelo"
977,Q59365764,6148536,"UEFA Europa Conference League"
978,Q397,6146193,"Latin"
979,Q41076,6141300,"Mariah Carey"
980,Q42761,6139052,"Watergate scandal"
981,Q102036245,6137091,"Nova Atlantis"
982,Q9418,6136105,"psychology"
983,Q430,6135447,"dinosaur"
984,Q101089777,6135307,"Peacemaker"
985,Q18388296,6128428,"V"
986,Q689141,6128142,"Spotify"
987,Q7106262,6126886,"Wikipedia:Citation needed"
988,Q12567,6126186,"Vikings"
989,Q9174,6125961,"religion"
990,Q159386,6124109,"Rothschild family"
991,Q80966,6122847,"Cate Blanchett"
992,Q165518,6118023,"Ewan McGregor"
993,Q5813,6114456,"Canary Islands"
994,Q428,6112852,"The Qur’an"
995,Q25191,6111500,"Christopher Nolan"
996,Q56884561,6108716,"Måneskin"
997,Q4525,6102569,"NCIS"
998,Q179515,6082794,"Maslow's hierarchy of needs"
999,Q207987,6081248,"list of countries by GDP (PPP) per capita"
1000,Q4740856,6080260,"Amazon Prime Video"
